{
    "metadata": {
        "maxX": 784.7006604587466,
        "maxY": 1071.9792765004047,
        "minX": 198.93741694507116,
        "minY": 71.63159314284144
    },
    "words": {
        "abuse": {
            "x": 537.6202464660383,
            "y": 955.2473037137472
        },
        "affection": {
            "x": 500.98608781470585,
            "y": 405.9868503955977
        },
        "afraid": {
            "x": 784.7006604587466,
            "y": 733.4079612955932
        },
        "alive": {
            "x": 323.41123530740003,
            "y": 437.5159887429699
        },
        "amnesty": {
            "x": 635.6731305739987,
            "y": 701.4834566079787
        },
        "annoyed": {
            "x": 546.6427961525824,
            "y": 675.7431258697554
        },
        "antithesis": {
            "x": 444.411398512191,
            "y": 689.2433811728088
        },
        "anxiety": {
            "x": 614.3857778181712,
            "y": 761.4381408794998
        },
        "anxious": {
            "x": 674.9779259128071,
            "y": 622.114139951084
        },
        "asshole": {
            "x": 487.39298744268604,
            "y": 572.7743605616538
        },
        "awareness": {
            "x": 433.1293153564629,
            "y": 180.10035990384566
        },
        "axiom": {
            "x": 545.8777357497039,
            "y": 308.78663272801634
        },
        "baby": {
            "x": 688.6925608942781,
            "y": 708.2789205954294
        },
        "banquet": {
            "x": 609.7940283779719,
            "y": 639.3929953780961
        },
        "beer": {
            "x": 500.9577916402863,
            "y": 732.5033540104952
        },
        "beg": {
            "x": 482.74934184777237,
            "y": 926.8944560827074
        },
        "bitch": {
            "x": 531.6613295974983,
            "y": 886.2328244940014
        },
        "blood": {
            "x": 581.704363030761,
            "y": 512.1357563196668
        },
        "blue": {
            "x": 487.87058495049837,
            "y": 554.1083251788702
        },
        "breakfast": {
            "x": 661.8137405201453,
            "y": 722.9905314421976
        },
        "brotherhood": {
            "x": 390.8410471277462,
            "y": 71.63159314284144
        },
        "cacophony": {
            "x": 562.9425160050087,
            "y": 751.6589451643433
        },
        "childhood": {
            "x": 532.4976728130473,
            "y": 766.8623302811241
        },
        "chill": {
            "x": 574.291174810872,
            "y": 748.2298059624248
        },
        "coexist": {
            "x": 470.21389622558144,
            "y": 140.31909726541403
        },
        "communicate": {
            "x": 437.5043302820998,
            "y": 202.2979277928413
        },
        "compassion": {
            "x": 215.45026065598614,
            "y": 521.0169329298451
        },
        "compassionate": {
            "x": 448.38965266799454,
            "y": 321.3302432647969
        },
        "conscience": {
            "x": 411.68944387324166,
            "y": 261.6338594752136
        },
        "convict": {
            "x": 573.193854232288,
            "y": 923.6144391308685
        },
        "court": {
            "x": 621.0536180804731,
            "y": 601.0239224021834
        },
        "creativity": {
            "x": 508.4532587269461,
            "y": 740.6431376619211
        },
        "cry": {
            "x": 388.5794990879275,
            "y": 1048.9352547385556
        },
        "damn": {
            "x": 519.8171256420333,
            "y": 761.38425676524
        },
        "death": {
            "x": 531.2212697879118,
            "y": 916.4402385805149
        },
        "depression": {
            "x": 465.62943950157774,
            "y": 1043.817461437427
        },
        "desire": {
            "x": 529.9759497723568,
            "y": 526.8196069572522
        },
        "dictionary": {
            "x": 443.3481802933063,
            "y": 206.86422369356674
        },
        "die": {
            "x": 558.4452874448982,
            "y": 963.5884486136581
        },
        "dignity": {
            "x": 502.3449120590501,
            "y": 247.51146190864912
        },
        "dinosaur": {
            "x": 687.9980680689671,
            "y": 710.4701347086892
        },
        "diplomatic": {
            "x": 501.0760357692009,
            "y": 144.12064227254726
        },
        "ecstasy": {
            "x": 618.2063203170355,
            "y": 542.6786614088041
        },
        "emotional": {
            "x": 432.3957991886482,
            "y": 480.30696887998073
        },
        "encyclopedia": {
            "x": 299.36929949166995,
            "y": 194.28731254542416
        },
        "endanger": {
            "x": 735.467457238507,
            "y": 657.3581606838793
        },
        "error": {
            "x": 491.76980767315194,
            "y": 828.6260328637384
        },
        "ethereal": {
            "x": 734.5612256728975,
            "y": 710.3825593659359
        },
        "excitement": {
            "x": 723.0931019202136,
            "y": 467.0040843652847
        },
        "faith": {
            "x": 378.33013602725094,
            "y": 361.80442064068336
        },
        "family": {
            "x": 269.6314834072591,
            "y": 476.69035170126404
        },
        "fate": {
            "x": 532.6029922271497,
            "y": 284.03649928069046
        },
        "fear": {
            "x": 464.820286309297,
            "y": 413.36843344612623
        },
        "feeling": {
            "x": 620.7480986357065,
            "y": 198.05113555026819
        },
        "flesh": {
            "x": 671.3467717588602,
            "y": 761.0852436170627
        },
        "food": {
            "x": 498.43075988201457,
            "y": 461.73094505089813
        },
        "forgive": {
            "x": 415.97330719085977,
            "y": 377.90569296061346
        },
        "forgiveness": {
            "x": 643.8678857910731,
            "y": 801.608058796948
        },
        "fortitude": {
            "x": 530.2343373008451,
            "y": 205.27292186657243
        },
        "free": {
            "x": 556.953533344323,
            "y": 758.5270461864001
        },
        "freedom": {
            "x": 384.0010709247623,
            "y": 336.5191280819578
        },
        "friend": {
            "x": 428.90822821230245,
            "y": 175.4705210977448
        },
        "friendship": {
            "x": 472.47989066161864,
            "y": 198.0303092499556
        },
        "frightened": {
            "x": 643.2995719898602,
            "y": 556.6081938264427
        },
        "garden": {
            "x": 588.4024144993285,
            "y": 715.5918286612196
        },
        "genuine": {
            "x": 349.241404024095,
            "y": 116.95329100054744
        },
        "god": {
            "x": 372.96807695610113,
            "y": 318.2096000629135
        },
        "gratitude": {
            "x": 501.957090798452,
            "y": 326.0892955553767
        },
        "grief": {
            "x": 383.8800221595441,
            "y": 1053.9486838446915
        },
        "happiness": {
            "x": 473.74220394477044,
            "y": 400.5338238331084
        },
        "happy": {
            "x": 531.3142938480369,
            "y": 297.10937621127675
        },
        "hate": {
            "x": 506.4698692230079,
            "y": 981.9075733239256
        },
        "hatred": {
            "x": 526.0235054274287,
            "y": 910.1615588673405
        },
        "heart": {
            "x": 456.6027998428779,
            "y": 430.8058348532251
        },
        "heartache": {
            "x": 486.1792727677725,
            "y": 1071.9792765004047
        },
        "heartbreak": {
            "x": 393.41697961192585,