{
    "metadata": {
        "maxX": 4.633561611175537,
        "maxY": -11.179563522338867,
        "minX": -1.5644553899765015,
        "minY": -22.514102935791016
    },
    "words": {
        "abuse": {
            "freq": 1,
            "x": -0.0036694000009447336,
            "y": -21.699321746826172
        },
        "affection": {
            "freq": 1,
            "x": 4.469480037689209,
            "y": -14.877182960510254
        },
        "afraid": {
            "freq": 1,
            "x": 0.2943926453590393,
            "y": -19.91044807434082
        },
        "alive": {
            "freq": 9,
            "x": 3.4139506816864014,
            "y": -17.012651443481445
        },
        "amnesty": {
            "freq": 1,
            "x": 2.5280025005340576,
            "y": -19.91472053527832
        },
        "annoyed": {
            "freq": 1,
            "x": 0.9869815111160278,
            "y": -21.4281063079834
        },
        "antithesis": {
            "freq": 1,
            "x": 1.0192781686782837,
            "y": -21.673503875732422
        },
        "anxiety": {
            "freq": 1,
            "x": -0.2701486051082611,
            "y": -21.242412567138672
        },
        "anxious": {
            "freq": 1,
            "x": 0.6105173230171204,
            "y": -19.103485107421875
        },
        "asshole": {
            "freq": 2,
            "x": 0.5475273132324219,
            "y": -22.04574966430664
        },
        "awareness": {
            "freq": 1,
            "x": 3.087745189666748,
            "y": -11.727860450744629
        },
        "axiom": {
            "freq": 1,
            "x": 2.4125335216522217,
            "y": -12.91589641571045
        },
        "baby": {
            "freq": 1,
            "x": 3.7753384113311768,
            "y": -19.07033920288086
        },
        "banquet": {
            "freq": 1,
            "x": 2.706382989883423,
            "y": -18.118078231811523
        },
        "beer": {
            "freq": 1,
            "x": 1.700128436088562,
            "y": -20.435571670532227
        },
        "beg": {
            "freq": 1,
            "x": -0.9926930069923401,
            "y": -20.719459533691406
        },
        "bitch": {
            "freq": 1,
            "x": 0.04138145595788956,
            "y": -21.882230758666992
        },
        "blood": {
            "freq": 2,
            "x": 0.018276721239089966,
            "y": -20.217180252075195
        },
        "blue": {
            "freq": 2,
            "x": -1.014861822128296,
            "y": -20.614622116088867
        },
        "breakfast": {
            "freq": 1,
            "x": 2.109930992126465,
            "y": -20.22505760192871
        },
        "brotherhood": {
            "freq": 1,
            "x": 3.7607038021087646,
            "y": -11.439433097839355
        },
        "cacophony": {
            "freq": 1,
            "x": 0.8903414011001587,
            "y": -22.01629638671875
        },
        "childhood": {
            "freq": 1,
            "x": 3.2415971755981445,
            "y": -19.58618927001953
        },
        "chill": {
            "freq": 1,
            "x": 2.2436203956604004,
            "y": -20.134090423583984
        },
        "coexist": {
            "freq": 1,
            "x": 3.3332107067108154,
            "y": -11.444666862487793
        },
        "communicate": {
            "freq": 1,
            "x": 3.5288827419281006,
            "y": -11.179563522338867
        },
        "compassion": {
            "freq": 33,
            "x": 3.674600839614868,
            "y": -12.241976737976074
        },
        "compassionate": {
            "freq": 2,
            "x": 3.881653070449829,
            "y": -11.611412048339844
        },
        "conscience": {
            "freq": 1,
            "x": 3.0992231369018555,
            "y": -11.687211990356445
        },
        "convict": {
            "freq": 1,
            "x": -0.0895991101861,
            "y": -21.962940216064453
        },
        "court": {
            "freq": 1,
            "x": 1.1680725812911987,
            "y": -18.83901596069336
        },
        "creativity": {
            "freq": 1,
            "x": 3.9902663230895996,
            "y": -19.296382904052734
        },
        "cry": {
            "freq": 1,
            "x": -1.2786781787872314,
            "y": -21.046772003173828
        },
        "damn": {
            "freq": 1,
            "x": 0.38610878586769104,
            "y": -22.094402313232422
        },
        "death": {
            "freq": 2,
            "x": -0.24124979972839355,
            "y": -21.315004348754883
        },
        "depression": {
            "freq": 1,
            "x": -0.8456149101257324,
            "y": -21.286624908447266
        },
        "desire": {
            "freq": 2,
            "x": 4.00804328918457,
            "y": -19.290084838867188
        },
        "dictionary": {
            "freq": 1,
            "x": 2.649775505065918,
            "y": -12.452089309692383
        },
        "die": {
            "freq": 1,
            "x": -0.6963183879852295,
            "y": -21.041982650756836
        },
        "dignity": {
            "freq": 1,
            "x": 4.250364303588867,
            "y": -14.671185493469238
        },
        "dinosaur": {
            "freq": 1,
            "x": 0.31639328598976135,
            "y": -20.18857765197754
        },
        "diplomatic": {
            "freq": 1,
            "x": 3.5455117225646973,
            "y": -11.753571510314941
        },
        "ecstasy": {
            "freq": 1,
            "x": 3.519453287124634,
            "y": -17.366323471069336
        },
        "emotional": {
            "freq": 3,
            "x": -0.8568096160888672,
            "y": -20.658849716186523
        },
        "encyclopedia": {
            "freq": 1,
            "x": 3.4089560508728027,
            "y": -11.414894104003906
        },
        "endanger": {
            "freq": 1,
            "x": 0.361733078956604,
            "y": -19.40245819091797
        },
        "error": {
            "freq": 1,
            "x": 1.147127389907837,
            "y": -20.544872283935547
        },
        "ethereal": {
            "freq": 1,
            "x": 0.680420458316803,
            "y": -19.969446182250977
        },
        "excitement": {
            "freq": 1,
            "x": 3.202887535095215,
            "y": -17.514862060546875
        },
        "faith": {
            "freq": 4,
            "x": 3.4415817260742188,
            "y": -16.51479721069336
        },
        "family": {
            "freq": 8,
            "x": 4.254438877105713,
            "y": -18.72030258178711
        },
        "fate": {
            "freq": 1,
            "x": 2.4795758724212646,
            "y": -17.297094345092773
        },
        "fear": {
            "freq": 4,
            "x": 0.2526705861091614,
            "y": -20.97870445251465
        },
        "feeling": {
            "freq": 1,
            "x": 3.907668352127075,
            "y": -17.541820526123047
        },
        "flesh": {
            "freq": 1,
            "x": 1.2603511810302734,
            "y": -22.0772647857666
        },
        "food": {
            "freq": 1,
            "x": 3.3373219966888428,
            "y": -13.590181350708008
        },
        "forgive": {
            "freq": 2,
            "x": 2.8828017711639404,
            "y": -12.250027656555176
        },
        "forgiveness": {
            "freq": 1,
            "x": 3.612795114517212,
            "y": -19.389911651611328
        },
        "fortitude": {
            "freq": 1,
            "x": 4.0068840980529785,
            "y": -13.90223503112793
        },
        "free": {
            "freq": 1,
            "x": 4.393614768981934,
            "y": -18.915555953979492
        },
        "freedom": {
            "freq": 4,
            "x": 4.092820167541504,